Keyword,Aliases
cravity,
ive,
kiiikiii,
zerobaseone,
ateez,
izna,
twice,
stray kids,stray-kids|stray.kids|stray_kids|straykids
niziu,
itzy,
vcha,
nmixx,
nexz,
day6,
misamo,
xdinary heroes,xdinary-heroes|xdinary.heroes|xdinary_heroes|xdinaryheroes
kickflip,
riize,
aespa,
nct,
nct wish,nct-wish|nct.wish|nct_wish|nctwish
nct dream,nct-dream|nct.dream|nct_dream|nctdream
nct 127,nct-127|nct.127|nct127|nct_127
hearts2hearts,
dearalice,
blackpink,
babymonster,
gidle,
bts,
j hope,j-hope|j.hope|j_hope|jhope
tomorrow x together,tomorrow-x-together|tomorrow.x.together|tomorrow_x_together|tomorrowxtogether
enhypen,
illit,
le sserafim,le-sserafim|le.sserafim|le_sserafim|lesserafim
boynextdoor,
newjeans,
&team,team
katseye,
weverse,
seventeen,
tws,
njz,
